{
  "data":[
  {
      "cordinates": [
      {
        "start": [498, 478],
        "end": [512, 511]
      },
      {
        "start": [476, 489],
        "end": [497, 490]
      },
      {
        "start": [482, 509],
        "end": [497, 518]
      }
    ],
    "color": "#2450A4"
  },
  {
    "cordinates": [
    {
      "start": [244, 461],
      "end": [296, 515]
    },
    {
      "start": [244, 516],
      "end": [262, 546]
    },
    {
      "start": [244, 547],
      "end": [312, 593]
    },
    {
      "start": [244, 594],
      "end": [271, 614]
    },
    {
      "start": [416, 453],
      "end": [474, 474]
    },
    {
      "start": [359, 420],
      "end": [436, 470]
    },
    {
      "start": [542, 304],
      "end": [592, 355]
    },
    {
      "start": [650, 248],
      "end": [749, 260]
    }
  ],
  "color": "#3690EA"
  },
  {
    "cordinates": [
    {
      "start": [429, 712],
      "end": [472, 721]
    },
    {
      "start": [514, 685],
      "end": [547, 694]
    },
    {
      "start": [514, 695],
      "end": [534, 701]
    },
    {
      "start": [514, 679],
      "end": [536, 684]
    }
  ],
  "color": "#FFFFFF"
  },
  {
      "cordinates": [
      {
        "start": [404, 565],
        "end": [454, 573]
      }
    ],
    "color": "#00CC78"
  },
  {
      "cordinates": [
      {
        "start": [725, 648],
        "end": [749, 697]
      }
    ],
    "color": "#E46E6E"
  }
  ]
}
